{
  "plugins": [
    "node-workspace",
    "node-workspace-format"
  ],
  "changelog-sections": [
    {
      "type": "feat",
      "section": "Features",
      "hidden": false
    },
    {
      "type": "fix",
      "section": "Bug Fixes",
      "hidden": false
    },
    {
      "type": "docs",
      "section": "Documentation",
      "hidden": false
    },
    {
      "type": "deps",
      "section": "Dependencies",
      "hidden": false
    },
    {
      "type": "chore",
      "section": "Chores",
      "hidden": true
    }
  ],
  "packages": {
    ".": {
      "package-name": "",
      "exclude-paths": [
        "smoke-tests",
        "mock-globals",
        "mock-registry",
        "workspaces"
      ]
    },
    "workspaces/arborist": {},
    "workspaces/config": {},
    "workspaces/libnpmaccess": {},
    "workspaces/libnpmdiff": {},
    "workspaces/libnpmexec": {},
    "workspaces/libnpmfund": {},
    "workspaces/libnpmorg": {},
    "workspaces/libnpmpack": {},
    "workspaces/libnpmpublish": {},
    "workspaces/libnpmsearch": {},
    "workspaces/libnpmteam": {},
    "workspaces/libnpmversion": {}
  },
  "prerelease": false,
  "group-pull-request-title-pattern": "chore: release ${version}",
  "pull-request-title-pattern": "chore: release${component} ${version}",
  "prerelease-type": "pre.0"
}
